event_type,schema_version,producer,consumers,classification,payload,consistency
identity.subject-linked,1,identity,tenant;compliance,Confidential metadata; restricted data by authorized reference only,aggregate/resource version; outcome/reason code; immutable evidence reference,owner commit + outbox; consumer inbox + effect; no financial posting inferred automatically
identity.session-revoked,1,identity,tenant;compliance,Confidential metadata; restricted data by authorized reference only,aggregate/resource version; outcome/reason code; immutable evidence reference,owner commit + outbox; consumer inbox + effect; no financial posting inferred automatically
tenant.grant-created,1,tenant,identity;distribution;compliance,Confidential metadata; restricted data by authorized reference only,aggregate/resource version; outcome/reason code; immutable evidence reference,owner commit + outbox; consumer inbox + effect; no financial posting inferred automatically
tenant.grant-revoked,1,tenant,identity;distribution;compliance,Confidential metadata; restricted data by authorized reference only,aggregate/resource version; outcome/reason code; immutable evidence reference,owner commit + outbox; consumer inbox + effect; no financial posting inferred automatically
tenant.appointment-changed,1,tenant,identity;distribution;compliance,Confidential metadata; restricted data by authorized reference only,aggregate/resource version; outcome/reason code; immutable evidence reference,owner commit + outbox; consumer inbox + effect; no financial posting inferred automatically
party.linked,1,party,customer;compliance,Confidential metadata; restricted data by authorized reference only,aggregate/resource version; outcome/reason code; immutable evidence reference,owner commit + outbox; consumer inbox + effect; no financial posting inferred automatically
party.corrected,1,party,customer;compliance,Confidential metadata; restricted data by authorized reference only,aggregate/resource version; outcome/reason code; immutable evidence reference,owner commit + outbox; consumer inbox + effect; no financial posting inferred automatically
party.merge-reviewed,1,party,customer;compliance,Confidential metadata; restricted data by authorized reference only,aggregate/resource version; outcome/reason code; immutable evidence reference,owner commit + outbox; consumer inbox + effect; no financial posting inferred automatically
vendor.onboarding-requested,1,vendor,distribution;integrations;compliance,Confidential metadata; restricted data by authorized reference only,aggregate/resource version; outcome/reason code; immutable evidence reference,owner commit + outbox; consumer inbox + effect; no financial posting inferred automatically
vendor.activated,1,vendor,distribution;integrations;compliance,Confidential metadata; restricted data by authorized reference only,aggregate/resource version; outcome/reason code; immutable evidence reference,owner commit + outbox; consumer inbox + effect; no financial posting inferred automatically
vendor.suspended,1,vendor,distribution;integrations;compliance,Confidential metadata; restricted data by authorized reference only,aggregate/resource version; outcome/reason code; immutable evidence reference,owner commit + outbox; consumer inbox + effect; no financial posting inferred automatically
product.published,1,product,quote;pricing;distribution,Confidential metadata; restricted data by authorized reference only,aggregate/resource version; outcome/reason code; immutable evidence reference,owner commit + outbox; consumer inbox + effect; no financial posting inferred automatically
product.withdrawn,1,product,quote;pricing;distribution,Confidential metadata; restricted data by authorized reference only,aggregate/resource version; outcome/reason code; immutable evidence reference,owner commit + outbox; consumer inbox + effect; no financial posting inferred automatically
rating.published,1,pricing,quote;underwriting;analytics,Confidential metadata; restricted data by authorized reference only,aggregate/resource version; outcome/reason code; immutable evidence reference,owner commit + outbox; consumer inbox + effect; no financial posting inferred automatically
premium.calculated,1,pricing,quote;underwriting;analytics,Confidential metadata; restricted data by authorized reference only,aggregate/resource version; outcome/reason code; immutable evidence reference,owner commit + outbox; consumer inbox + effect; no financial posting inferred automatically
risk.snapshot-verified,1,risk,pricing;underwriting,Confidential metadata; restricted data by authorized reference only,aggregate/resource version; outcome/reason code; immutable evidence reference,owner commit + outbox; consumer inbox + effect; no financial posting inferred automatically
risk.telematics-summarized,1,risk,pricing;underwriting,Confidential metadata; restricted data by authorized reference only,aggregate/resource version; outcome/reason code; immutable evidence reference,owner commit + outbox; consumer inbox + effect; no financial posting inferred automatically
quote.requested,1,quote,policy;underwriting;notifications;analytics,Confidential metadata; restricted data by authorized reference only,aggregate/resource version; outcome/reason code; immutable evidence reference,owner commit + outbox; consumer inbox + effect; no financial posting inferred automatically
quote.offer-ready,1,quote,policy;underwriting;notifications;analytics,Confidential metadata; restricted data by authorized reference only,aggregate/resource version; outcome/reason code; immutable evidence reference,owner commit + outbox; consumer inbox + effect; no financial posting inferred automatically
quote.revised,1,quote,policy;underwriting;notifications;analytics,Confidential metadata; restricted data by authorized reference only,aggregate/resource version; outcome/reason code; immutable evidence reference,owner commit + outbox; consumer inbox + effect; no financial posting inferred automatically
quote.accepted,1,quote,policy;underwriting;notifications;analytics,Confidential metadata; restricted data by authorized reference only,aggregate/resource version; outcome/reason code; immutable evidence reference,owner commit + outbox; consumer inbox + effect; no financial posting inferred automatically
quote.expired,1,quote,policy;underwriting;notifications;analytics,Confidential metadata; restricted data by authorized reference only,aggregate/resource version; outcome/reason code; immutable evidence reference,owner commit + outbox; consumer inbox + effect; no financial posting inferred automatically
underwriting.referred,1,underwriting,quote;policy;notifications,Confidential metadata; restricted data by authorized reference only,aggregate/resource version; outcome/reason code; immutable evidence reference,owner commit + outbox; consumer inbox + effect; no financial posting inferred automatically
underwriting.evidence-requested,1,underwriting,quote;policy;notifications,Confidential metadata; restricted data by authorized reference only,aggregate/resource version; outcome/reason code; immutable evidence reference,owner commit + outbox; consumer inbox + effect; no financial posting inferred automatically
underwriting.decided,1,underwriting,quote;policy;notifications,Confidential metadata; restricted data by authorized reference only,aggregate/resource version; outcome/reason code; immutable evidence reference,owner commit + outbox; consumer inbox + effect; no financial posting inferred automatically
policy.bound,1,policy,claims;billing;commission;documents;notifications;analytics,Confidential metadata; restricted data by authorized reference only,aggregate/resource version; outcome/reason code; immutable evidence reference,owner commit + outbox; consumer inbox + effect; no financial posting inferred automatically
policy.issued,1,policy,claims;billing;commission;documents;notifications;analytics,Confidential metadata; restricted data by authorized reference only,aggregate/resource version; outcome/reason code; immutable evidence reference,owner commit + outbox; consumer inbox + effect; no financial posting inferred automatically
policy.activated,1,policy,claims;billing;commission;documents;notifications;analytics,Confidential metadata; restricted data by authorized reference only,aggregate/resource version; outcome/reason code; immutable evidence reference,owner commit + outbox; consumer inbox + effect; no financial posting inferred automatically
policy.endorsed,1,policy,claims;billing;commission;documents;notifications;analytics,Confidential metadata; restricted data by authorized reference only,aggregate/resource version; outcome/reason code; immutable evidence reference,owner commit + outbox; consumer inbox + effect; no financial posting inferred automatically
policy.suspended,1,policy,claims;billing;commission;documents;notifications;analytics,Confidential metadata; restricted data by authorized reference only,aggregate/resource version; outcome/reason code; immutable evidence reference,owner commit + outbox; consumer inbox + effect; no financial posting inferred automatically
policy.lapsed,1,policy,claims;billing;commission;documents;notifications;analytics,Confidential metadata; restricted data by authorized reference only,aggregate/resource version; outcome/reason code; immutable evidence reference,owner commit + outbox; consumer inbox + effect; no financial posting inferred automatically
policy.cancelled,1,policy,claims;billing;commission;documents;notifications;analytics,Confidential metadata; restricted data by authorized reference only,aggregate/resource version; outcome/reason code; immutable evidence reference,owner commit + outbox; consumer inbox + effect; no financial posting inferred automatically
policy.reinstated,1,policy,claims;billing;commission;documents;notifications;analytics,Confidential metadata; restricted data by authorized reference only,aggregate/resource version; outcome/reason code; immutable evidence reference,owner commit + outbox; consumer inbox + effect; no financial posting inferred automatically
policy.expired,1,policy,claims;billing;commission;documents;notifications;analytics,Confidential metadata; restricted data by authorized reference only,aggregate/resource version; outcome/reason code; immutable evidence reference,owner commit + outbox; consumer inbox + effect; no financial posting inferred automatically
policy.renewal-offered,1,policy,claims;billing;commission;documents;notifications;analytics,Confidential metadata; restricted data by authorized reference only,aggregate/resource version; outcome/reason code; immutable evidence reference,owner commit + outbox; consumer inbox + effect; no financial posting inferred automatically
policy.renewed,1,policy,claims;billing;commission;documents;notifications;analytics,Confidential metadata; restricted data by authorized reference only,aggregate/resource version; outcome/reason code; immutable evidence reference,owner commit + outbox; consumer inbox + effect; no financial posting inferred automatically
claim.notified,1,claims,fraud;providers;billing;payments;notifications;analytics,Confidential metadata; restricted data by authorized reference only,aggregate/resource version; outcome/reason code; immutable evidence reference,owner commit + outbox; consumer inbox + effect; no financial posting inferred automatically
claim.coverage-checked,1,claims,fraud;providers;billing;payments;notifications;analytics,Confidential metadata; restricted data by authorized reference only,aggregate/resource version; outcome/reason code; immutable evidence reference,owner commit + outbox; consumer inbox + effect; no financial posting inferred automatically
claim.reserve-changed,1,claims,fraud;providers;billing;payments;notifications;analytics,Confidential metadata; restricted data by authorized reference only,aggregate/resource version; outcome/reason code; immutable evidence reference,owner commit + outbox; consumer inbox + effect; no financial posting inferred automatically
claim.decision-recorded,1,claims,fraud;providers;billing;payments;notifications;analytics,Confidential metadata; restricted data by authorized reference only,aggregate/resource version; outcome/reason code; immutable evidence reference,owner commit + outbox; consumer inbox + effect; no financial posting inferred automatically
claim.payable-approved,1,claims,fraud;providers;billing;payments;notifications;analytics,Confidential metadata; restricted data by authorized reference only,aggregate/resource version; outcome/reason code; immutable evidence reference,owner commit + outbox; consumer inbox + effect; no financial posting inferred automatically
claim.payment-allocated,1,claims,fraud;providers;billing;payments;notifications;analytics,Confidential metadata; restricted data by authorized reference only,aggregate/resource version; outcome/reason code; immutable evidence reference,owner commit + outbox; consumer inbox + effect; no financial posting inferred automatically
claim.reopened,1,claims,fraud;providers;billing;payments;notifications;analytics,Confidential metadata; restricted data by authorized reference only,aggregate/resource version; outcome/reason code; immutable evidence reference,owner commit + outbox; consumer inbox + effect; no financial posting inferred automatically
claim.recovery-recorded,1,claims,fraud;providers;billing;payments;notifications;analytics,Confidential metadata; restricted data by authorized reference only,aggregate/resource version; outcome/reason code; immutable evidence reference,owner commit + outbox; consumer inbox + effect; no financial posting inferred automatically
claim.closed,1,claims,fraud;providers;billing;payments;notifications;analytics,Confidential metadata; restricted data by authorized reference only,aggregate/resource version; outcome/reason code; immutable evidence reference,owner commit + outbox; consumer inbox + effect; no financial posting inferred automatically
claim.parametric-trigger-verified,1,claims,fraud;providers;billing;payments;notifications;analytics,Confidential metadata; restricted data by authorized reference only,aggregate/resource version; outcome/reason code; immutable evidence reference,owner commit + outbox; consumer inbox + effect; no financial posting inferred automatically
assistance.requested,1,providers,settlement;notifications;analytics,Confidential metadata; restricted data by authorized reference only,aggregate/resource version; outcome/reason code; immutable evidence reference,owner commit + outbox; consumer inbox + effect; no financial posting inferred automatically
assistance.assigned,1,providers,settlement;notifications;analytics,Confidential metadata; restricted data by authorized reference only,aggregate/resource version; outcome/reason code; immutable evidence reference,owner commit + outbox; consumer inbox + effect; no financial posting inferred automatically
assistance.completed,1,providers,settlement;notifications;analytics,Confidential metadata; restricted data by authorized reference only,aggregate/resource version; outcome/reason code; immutable evidence reference,owner commit + outbox; consumer inbox + effect; no financial posting inferred automatically
provider.network-changed,1,providers,settlement;notifications;analytics,Confidential metadata; restricted data by authorized reference only,aggregate/resource version; outcome/reason code; immutable evidence reference,owner commit + outbox; consumer inbox + effect; no financial posting inferred automatically
invoice.created,1,billing,payments;policy;notifications,Confidential metadata; restricted data by authorized reference only,aggregate/resource version; outcome/reason code; immutable evidence reference,owner commit + outbox; consumer inbox + effect; no financial posting inferred automatically
installment.due,1,billing,payments;policy;notifications,Confidential metadata; restricted data by authorized reference only,aggregate/resource version; outcome/reason code; immutable evidence reference,owner commit + outbox; consumer inbox + effect; no financial posting inferred automatically
installment.overdue,1,billing,payments;policy;notifications,Confidential metadata; restricted data by authorized reference only,aggregate/resource version; outcome/reason code; immutable evidence reference,owner commit + outbox; consumer inbox + effect; no financial posting inferred automatically
payment.confirmed,1,payments,policy;billing;settlement;notifications;analytics,Confidential metadata; restricted data by authorized reference only,aggregate/resource version; outcome/reason code; immutable evidence reference,owner commit + outbox; consumer inbox + effect; no financial posting inferred automatically
payment.outcome-unknown,1,payments,policy;billing;settlement;notifications;analytics,Confidential metadata; restricted data by authorized reference only,aggregate/resource version; outcome/reason code; immutable evidence reference,owner commit + outbox; consumer inbox + effect; no financial posting inferred automatically
refund.confirmed,1,payments,policy;billing;settlement;notifications;analytics,Confidential metadata; restricted data by authorized reference only,aggregate/resource version; outcome/reason code; immutable evidence reference,owner commit + outbox; consumer inbox + effect; no financial posting inferred automatically
chargeback.opened,1,payments,policy;billing;settlement;notifications;analytics,Confidential metadata; restricted data by authorized reference only,aggregate/resource version; outcome/reason code; immutable evidence reference,owner commit + outbox; consumer inbox + effect; no financial posting inferred automatically
payout.confirmed,1,payments,policy;billing;settlement;notifications;analytics,Confidential metadata; restricted data by authorized reference only,aggregate/resource version; outcome/reason code; immutable evidence reference,owner commit + outbox; consumer inbox + effect; no financial posting inferred automatically
journal.posted,1,ledger,commission;settlement;analytics,Confidential metadata; restricted data by authorized reference only,aggregate/resource version; outcome/reason code; immutable evidence reference,owner commit + outbox; consumer inbox + effect; no financial posting inferred automatically
reconciliation.exception-opened,1,ledger,commission;settlement;analytics,Confidential metadata; restricted data by authorized reference only,aggregate/resource version; outcome/reason code; immutable evidence reference,owner commit + outbox; consumer inbox + effect; no financial posting inferred automatically
commission.accrued,1,commission,settlement;analytics,Confidential metadata; restricted data by authorized reference only,aggregate/resource version; outcome/reason code; immutable evidence reference,owner commit + outbox; consumer inbox + effect; no financial posting inferred automatically
commission.vested,1,commission,settlement;analytics,Confidential metadata; restricted data by authorized reference only,aggregate/resource version; outcome/reason code; immutable evidence reference,owner commit + outbox; consumer inbox + effect; no financial posting inferred automatically
commission.clawed-back,1,commission,settlement;analytics,Confidential metadata; restricted data by authorized reference only,aggregate/resource version; outcome/reason code; immutable evidence reference,owner commit + outbox; consumer inbox + effect; no financial posting inferred automatically
settlement.prepared,1,settlement,payments;notifications;analytics,Confidential metadata; restricted data by authorized reference only,aggregate/resource version; outcome/reason code; immutable evidence reference,owner commit + outbox; consumer inbox + effect; no financial posting inferred automatically
settlement.approved,1,settlement,payments;notifications;analytics,Confidential metadata; restricted data by authorized reference only,aggregate/resource version; outcome/reason code; immutable evidence reference,owner commit + outbox; consumer inbox + effect; no financial posting inferred automatically
settlement.partially-paid,1,settlement,payments;notifications;analytics,Confidential metadata; restricted data by authorized reference only,aggregate/resource version; outcome/reason code; immutable evidence reference,owner commit + outbox; consumer inbox + effect; no financial posting inferred automatically
settlement.completed,1,settlement,payments;notifications;analytics,Confidential metadata; restricted data by authorized reference only,aggregate/resource version; outcome/reason code; immutable evidence reference,owner commit + outbox; consumer inbox + effect; no financial posting inferred automatically
enrollment.import-completed,1,distribution,policy;commission;notifications;analytics,Confidential metadata; restricted data by authorized reference only,aggregate/resource version; outcome/reason code; immutable evidence reference,owner commit + outbox; consumer inbox + effect; no financial posting inferred automatically
affiliate.conversion-verified,1,distribution,policy;commission;notifications;analytics,Confidential metadata; restricted data by authorized reference only,aggregate/resource version; outcome/reason code; immutable evidence reference,owner commit + outbox; consumer inbox + effect; no financial posting inferred automatically
campaign.published,1,distribution,policy;commission;notifications;analytics,Confidential metadata; restricted data by authorized reference only,aggregate/resource version; outcome/reason code; immutable evidence reference,owner commit + outbox; consumer inbox + effect; no financial posting inferred automatically
document.released,1,documents,claims;underwriting;policy;compliance,Confidential metadata; restricted data by authorized reference only,aggregate/resource version; outcome/reason code; immutable evidence reference,owner commit + outbox; consumer inbox + effect; no financial posting inferred automatically
document.rejected,1,documents,claims;underwriting;policy;compliance,Confidential metadata; restricted data by authorized reference only,aggregate/resource version; outcome/reason code; immutable evidence reference,owner commit + outbox; consumer inbox + effect; no financial posting inferred automatically
document.extraction-reviewed,1,documents,claims;underwriting;policy;compliance,Confidential metadata; restricted data by authorized reference only,aggregate/resource version; outcome/reason code; immutable evidence reference,owner commit + outbox; consumer inbox + effect; no financial posting inferred automatically
consent.changed,1,compliance,identity;distribution;notifications;integrations,Confidential metadata; restricted data by authorized reference only,aggregate/resource version; outcome/reason code; immutable evidence reference,owner commit + outbox; consumer inbox + effect; no financial posting inferred automatically
kyc.review-required,1,compliance,identity;distribution;notifications;integrations,Confidential metadata; restricted data by authorized reference only,aggregate/resource version; outcome/reason code; immutable evidence reference,owner commit + outbox; consumer inbox + effect; no financial posting inferred automatically
kyc.verified,1,compliance,identity;distribution;notifications;integrations,Confidential metadata; restricted data by authorized reference only,aggregate/resource version; outcome/reason code; immutable evidence reference,owner commit + outbox; consumer inbox + effect; no financial posting inferred automatically
complaint.resolved,1,compliance,identity;distribution;notifications;integrations,Confidential metadata; restricted data by authorized reference only,aggregate/resource version; outcome/reason code; immutable evidence reference,owner commit + outbox; consumer inbox + effect; no financial posting inferred automatically
jurisdiction.published,1,compliance,identity;distribution;notifications;integrations,Confidential metadata; restricted data by authorized reference only,aggregate/resource version; outcome/reason code; immutable evidence reference,owner commit + outbox; consumer inbox + effect; no financial posting inferred automatically
fraud.signal-raised,1,fraud,claims;underwriting;distribution,Confidential metadata; restricted data by authorized reference only,aggregate/resource version; outcome/reason code; immutable evidence reference,owner commit + outbox; consumer inbox + effect; no financial posting inferred automatically
fraud.review-completed,1,fraud,claims;underwriting;distribution,Confidential metadata; restricted data by authorized reference only,aggregate/resource version; outcome/reason code; immutable evidence reference,owner commit + outbox; consumer inbox + effect; no financial posting inferred automatically
notification.delivered,1,notifications,customer;compliance,Confidential metadata; restricted data by authorized reference only,aggregate/resource version; outcome/reason code; immutable evidence reference,owner commit + outbox; consumer inbox + effect; no financial posting inferred automatically
notification.delivery-failed,1,notifications,customer;compliance,Confidential metadata; restricted data by authorized reference only,aggregate/resource version; outcome/reason code; immutable evidence reference,owner commit + outbox; consumer inbox + effect; no financial posting inferred automatically
integration.outcome-unknown,1,integrations,policy;payments;quote;compliance,Confidential metadata; restricted data by authorized reference only,aggregate/resource version; outcome/reason code; immutable evidence reference,owner commit + outbox; consumer inbox + effect; no financial posting inferred automatically
integration.reconciled,1,integrations,policy;payments;quote;compliance,Confidential metadata; restricted data by authorized reference only,aggregate/resource version; outcome/reason code; immutable evidence reference,owner commit + outbox; consumer inbox + effect; no financial posting inferred automatically
webhook.delivery-failed,1,integrations,policy;payments;quote;compliance,Confidential metadata; restricted data by authorized reference only,aggregate/resource version; outcome/reason code; immutable evidence reference,owner commit + outbox; consumer inbox + effect; no financial posting inferred automatically
ai.proposal-created,1,ai,customer;compliance,Confidential metadata; restricted data by authorized reference only,aggregate/resource version; outcome/reason code; immutable evidence reference,owner commit + outbox; consumer inbox + effect; no financial posting inferred automatically
ai.proposal-reviewed,1,ai,customer;compliance,Confidential metadata; restricted data by authorized reference only,aggregate/resource version; outcome/reason code; immutable evidence reference,owner commit + outbox; consumer inbox + effect; no financial posting inferred automatically
quote.rfq-referred,1,quote,notifications;compliance;analytics (purpose-authorized),Confidential metadata; sensitive evidence by authorized reference,resource/version; transition reason; immutable evidence ref,owner commit + outbox; consumer inbox + effect
quote.rejected,1,quote,notifications;compliance;analytics (purpose-authorized),Confidential metadata; sensitive evidence by authorized reference,resource/version; transition reason; immutable evidence ref,owner commit + outbox; consumer inbox + effect
quote.withdrawn,1,quote,notifications;compliance;analytics (purpose-authorized),Confidential metadata; sensitive evidence by authorized reference,resource/version; transition reason; immutable evidence ref,owner commit + outbox; consumer inbox + effect
underwriting.evaluation-started,1,underwriting,notifications;compliance;analytics (purpose-authorized),Confidential metadata; sensitive evidence by authorized reference,resource/version; transition reason; immutable evidence ref,owner commit + outbox; consumer inbox + effect
underwriting.evidence-received,1,underwriting,notifications;compliance;analytics (purpose-authorized),Confidential metadata; sensitive evidence by authorized reference,resource/version; transition reason; immutable evidence ref,owner commit + outbox; consumer inbox + effect
underwriting.decision-proposed,1,underwriting,notifications;compliance;analytics (purpose-authorized),Confidential metadata; sensitive evidence by authorized reference,resource/version; transition reason; immutable evidence ref,owner commit + outbox; consumer inbox + effect
underwriting.review-returned,1,underwriting,notifications;compliance;analytics (purpose-authorized),Confidential metadata; sensitive evidence by authorized reference,resource/version; transition reason; immutable evidence ref,owner commit + outbox; consumer inbox + effect
underwriting.withdrawn,1,underwriting,notifications;compliance;analytics (purpose-authorized),Confidential metadata; sensitive evidence by authorized reference,resource/version; transition reason; immutable evidence ref,owner commit + outbox; consumer inbox + effect
endorsement.validated,1,policy,notifications;compliance;analytics (purpose-authorized),Confidential metadata; sensitive evidence by authorized reference,resource/version; transition reason; immutable evidence ref,owner commit + outbox; consumer inbox + effect
endorsement.referred,1,policy,notifications;compliance;analytics (purpose-authorized),Confidential metadata; sensitive evidence by authorized reference,resource/version; transition reason; immutable evidence ref,owner commit + outbox; consumer inbox + effect
endorsement.rated,1,policy,notifications;compliance;analytics (purpose-authorized),Confidential metadata; sensitive evidence by authorized reference,resource/version; transition reason; immutable evidence ref,owner commit + outbox; consumer inbox + effect
endorsement.cleared,1,policy,notifications;compliance;analytics (purpose-authorized),Confidential metadata; sensitive evidence by authorized reference,resource/version; transition reason; immutable evidence ref,owner commit + outbox; consumer inbox + effect
endorsement.rejected,1,policy,notifications;compliance;analytics (purpose-authorized),Confidential metadata; sensitive evidence by authorized reference,resource/version; transition reason; immutable evidence ref,owner commit + outbox; consumer inbox + effect
endorsement.approved,1,policy,notifications;compliance;analytics (purpose-authorized),Confidential metadata; sensitive evidence by authorized reference,resource/version; transition reason; immutable evidence ref,owner commit + outbox; consumer inbox + effect
endorsement.rebased,1,policy,notifications;compliance;analytics (purpose-authorized),Confidential metadata; sensitive evidence by authorized reference,resource/version; transition reason; immutable evidence ref,owner commit + outbox; consumer inbox + effect
endorsement.withdrawn,1,policy,notifications;compliance;analytics (purpose-authorized),Confidential metadata; sensitive evidence by authorized reference,resource/version; transition reason; immutable evidence ref,owner commit + outbox; consumer inbox + effect
claim.validation-started,1,claims,notifications;compliance;analytics (purpose-authorized),Confidential metadata; sensitive evidence by authorized reference,resource/version; transition reason; immutable evidence ref,owner commit + outbox; consumer inbox + effect
claim.evidence-requested,1,claims,notifications;compliance;analytics (purpose-authorized),Confidential metadata; sensitive evidence by authorized reference,resource/version; transition reason; immutable evidence ref,owner commit + outbox; consumer inbox + effect
claim.investigation-started,1,claims,notifications;compliance;analytics (purpose-authorized),Confidential metadata; sensitive evidence by authorized reference,resource/version; transition reason; immutable evidence ref,owner commit + outbox; consumer inbox + effect
claim.evidence-received,1,claims,notifications;compliance;analytics (purpose-authorized),Confidential metadata; sensitive evidence by authorized reference,resource/version; transition reason; immutable evidence ref,owner commit + outbox; consumer inbox + effect
claim.assessed,1,claims,notifications;compliance;analytics (purpose-authorized),Confidential metadata; sensitive evidence by authorized reference,resource/version; transition reason; immutable evidence ref,owner commit + outbox; consumer inbox + effect
claim.decision-proposed,1,claims,notifications;compliance;analytics (purpose-authorized),Confidential metadata; sensitive evidence by authorized reference,resource/version; transition reason; immutable evidence ref,owner commit + outbox; consumer inbox + effect
claim.review-returned,1,claims,notifications;compliance;analytics (purpose-authorized),Confidential metadata; sensitive evidence by authorized reference,resource/version; transition reason; immutable evidence ref,owner commit + outbox; consumer inbox + effect
claim.payment-requested,1,claims,notifications;compliance;analytics (purpose-authorized),Confidential metadata; sensitive evidence by authorized reference,resource/version; transition reason; immutable evidence ref,owner commit + outbox; consumer inbox + effect
claim.payment-completed,1,claims,notifications;compliance;analytics (purpose-authorized),Confidential metadata; sensitive evidence by authorized reference,resource/version; transition reason; immutable evidence ref,owner commit + outbox; consumer inbox + effect
claim.recovery-opened,1,claims,notifications;compliance;analytics (purpose-authorized),Confidential metadata; sensitive evidence by authorized reference,resource/version; transition reason; immutable evidence ref,owner commit + outbox; consumer inbox + effect
claim.withdrawn,1,claims,notifications;compliance;analytics (purpose-authorized),Confidential metadata; sensitive evidence by authorized reference,resource/version; transition reason; immutable evidence ref,owner commit + outbox; consumer inbox + effect
payment.submitted,1,payments,notifications;compliance;analytics (purpose-authorized),Confidential metadata; sensitive evidence by authorized reference,resource/version; transition reason; immutable evidence ref,owner commit + outbox; consumer inbox + effect
payment.action-required,1,payments,notifications;compliance;analytics (purpose-authorized),Confidential metadata; sensitive evidence by authorized reference,resource/version; transition reason; immutable evidence ref,owner commit + outbox; consumer inbox + effect
payment.action-completed,1,payments,notifications;compliance;analytics (purpose-authorized),Confidential metadata; sensitive evidence by authorized reference,resource/version; transition reason; immutable evidence ref,owner commit + outbox; consumer inbox + effect
payment.authorized,1,payments,notifications;compliance;analytics (purpose-authorized),Confidential metadata; sensitive evidence by authorized reference,resource/version; transition reason; immutable evidence ref,owner commit + outbox; consumer inbox + effect
payment.capture-requested,1,payments,notifications;compliance;analytics (purpose-authorized),Confidential metadata; sensitive evidence by authorized reference,resource/version; transition reason; immutable evidence ref,owner commit + outbox; consumer inbox + effect
payment.failed,1,payments,notifications;compliance;analytics (purpose-authorized),Confidential metadata; sensitive evidence by authorized reference,resource/version; transition reason; immutable evidence ref,owner commit + outbox; consumer inbox + effect
payment.cancelled,1,payments,notifications;compliance;analytics (purpose-authorized),Confidential metadata; sensitive evidence by authorized reference,resource/version; transition reason; immutable evidence ref,owner commit + outbox; consumer inbox + effect
refund.proposed,1,payments,notifications;compliance;analytics (purpose-authorized),Confidential metadata; sensitive evidence by authorized reference,resource/version; transition reason; immutable evidence ref,owner commit + outbox; consumer inbox + effect
refund.submitted,1,payments,notifications;compliance;analytics (purpose-authorized),Confidential metadata; sensitive evidence by authorized reference,resource/version; transition reason; immutable evidence ref,owner commit + outbox; consumer inbox + effect
refund.rejected,1,payments,notifications;compliance;analytics (purpose-authorized),Confidential metadata; sensitive evidence by authorized reference,resource/version; transition reason; immutable evidence ref,owner commit + outbox; consumer inbox + effect
refund.outcome-unknown,1,payments,notifications;compliance;analytics (purpose-authorized),Confidential metadata; sensitive evidence by authorized reference,resource/version; transition reason; immutable evidence ref,owner commit + outbox; consumer inbox + effect
refund.retry-authorized,1,payments,notifications;compliance;analytics (purpose-authorized),Confidential metadata; sensitive evidence by authorized reference,resource/version; transition reason; immutable evidence ref,owner commit + outbox; consumer inbox + effect
refund.resubmitted,1,payments,notifications;compliance;analytics (purpose-authorized),Confidential metadata; sensitive evidence by authorized reference,resource/version; transition reason; immutable evidence ref,owner commit + outbox; consumer inbox + effect
refund.cancelled,1,payments,notifications;compliance;analytics (purpose-authorized),Confidential metadata; sensitive evidence by authorized reference,resource/version; transition reason; immutable evidence ref,owner commit + outbox; consumer inbox + effect
settlement.approval-requested,1,settlement,notifications;compliance;analytics (purpose-authorized),Confidential metadata; sensitive evidence by authorized reference,resource/version; transition reason; immutable evidence ref,owner commit + outbox; consumer inbox + effect
settlement.returned,1,settlement,notifications;compliance;analytics (purpose-authorized),Confidential metadata; sensitive evidence by authorized reference,resource/version; transition reason; immutable evidence ref,owner commit + outbox; consumer inbox + effect
settlement.payment-started,1,settlement,notifications;compliance;analytics (purpose-authorized),Confidential metadata; sensitive evidence by authorized reference,resource/version; transition reason; immutable evidence ref,owner commit + outbox; consumer inbox + effect
settlement.payment-resumed,1,settlement,notifications;compliance;analytics (purpose-authorized),Confidential metadata; sensitive evidence by authorized reference,resource/version; transition reason; immutable evidence ref,owner commit + outbox; consumer inbox + effect
settlement.revised,1,settlement,notifications;compliance;analytics (purpose-authorized),Confidential metadata; sensitive evidence by authorized reference,resource/version; transition reason; immutable evidence ref,owner commit + outbox; consumer inbox + effect
settlement.cancelled,1,settlement,notifications;compliance;analytics (purpose-authorized),Confidential metadata; sensitive evidence by authorized reference,resource/version; transition reason; immutable evidence ref,owner commit + outbox; consumer inbox + effect
kyc.check-started,1,compliance,notifications;compliance;analytics (purpose-authorized),Confidential metadata; sensitive evidence by authorized reference,resource/version; transition reason; immutable evidence ref,owner commit + outbox; consumer inbox + effect
kyc.rejected,1,compliance,notifications;compliance;analytics (purpose-authorized),Confidential metadata; sensitive evidence by authorized reference,resource/version; transition reason; immutable evidence ref,owner commit + outbox; consumer inbox + effect
kyc.check-deferred,1,compliance,notifications;compliance;analytics (purpose-authorized),Confidential metadata; sensitive evidence by authorized reference,resource/version; transition reason; immutable evidence ref,owner commit + outbox; consumer inbox + effect
kyc.expired,1,compliance,notifications;compliance;analytics (purpose-authorized),Confidential metadata; sensitive evidence by authorized reference,resource/version; transition reason; immutable evidence ref,owner commit + outbox; consumer inbox + effect
kyc.revoked,1,compliance,notifications;compliance;analytics (purpose-authorized),Confidential metadata; sensitive evidence by authorized reference,resource/version; transition reason; immutable evidence ref,owner commit + outbox; consumer inbox + effect
vendor.documents-requested,1,vendor,notifications;compliance;analytics (purpose-authorized),Confidential metadata; sensitive evidence by authorized reference,resource/version; transition reason; immutable evidence ref,owner commit + outbox; consumer inbox + effect
vendor.evidence-received,1,vendor,notifications;compliance;analytics (purpose-authorized),Confidential metadata; sensitive evidence by authorized reference,resource/version; transition reason; immutable evidence ref,owner commit + outbox; consumer inbox + effect
vendor.checks-passed,1,vendor,notifications;compliance;analytics (purpose-authorized),Confidential metadata; sensitive evidence by authorized reference,resource/version; transition reason; immutable evidence ref,owner commit + outbox; consumer inbox + effect
vendor.rejected,1,vendor,notifications;compliance;analytics (purpose-authorized),Confidential metadata; sensitive evidence by authorized reference,resource/version; transition reason; immutable evidence ref,owner commit + outbox; consumer inbox + effect
vendor.contract-signed,1,vendor,notifications;compliance;analytics (purpose-authorized),Confidential metadata; sensitive evidence by authorized reference,resource/version; transition reason; immutable evidence ref,owner commit + outbox; consumer inbox + effect
vendor.reactivated,1,vendor,notifications;compliance;analytics (purpose-authorized),Confidential metadata; sensitive evidence by authorized reference,resource/version; transition reason; immutable evidence ref,owner commit + outbox; consumer inbox + effect
vendor.withdrawn,1,vendor,notifications;compliance;analytics (purpose-authorized),Confidential metadata; sensitive evidence by authorized reference,resource/version; transition reason; immutable evidence ref,owner commit + outbox; consumer inbox + effect
complaint.acknowledged,1,compliance,notifications;compliance;analytics (purpose-authorized),Confidential metadata; sensitive evidence by authorized reference,resource/version; transition reason; immutable evidence ref,owner commit + outbox; consumer inbox + effect
complaint.investigation-started,1,compliance,notifications;compliance;analytics (purpose-authorized),Confidential metadata; sensitive evidence by authorized reference,resource/version; transition reason; immutable evidence ref,owner commit + outbox; consumer inbox + effect
complaint.appealed,1,compliance,notifications;compliance;analytics (purpose-authorized),Confidential metadata; sensitive evidence by authorized reference,resource/version; transition reason; immutable evidence ref,owner commit + outbox; consumer inbox + effect
complaint.escalated,1,compliance,notifications;compliance;analytics (purpose-authorized),Confidential metadata; sensitive evidence by authorized reference,resource/version; transition reason; immutable evidence ref,owner commit + outbox; consumer inbox + effect
complaint.closed,1,compliance,notifications;compliance;analytics (purpose-authorized),Confidential metadata; sensitive evidence by authorized reference,resource/version; transition reason; immutable evidence ref,owner commit + outbox; consumer inbox + effect
assistance.triaged,1,providers,notifications;compliance;analytics (purpose-authorized),Confidential metadata; sensitive evidence by authorized reference,resource/version; transition reason; immutable evidence ref,owner commit + outbox; consumer inbox + effect
assistance.dispatch-started,1,providers,notifications;compliance;analytics (purpose-authorized),Confidential metadata; sensitive evidence by authorized reference,resource/version; transition reason; immutable evidence ref,owner commit + outbox; consumer inbox + effect
assistance.started,1,providers,notifications;compliance;analytics (purpose-authorized),Confidential metadata; sensitive evidence by authorized reference,resource/version; transition reason; immutable evidence ref,owner commit + outbox; consumer inbox + effect
assistance.redispatched,1,providers,notifications;compliance;analytics (purpose-authorized),Confidential metadata; sensitive evidence by authorized reference,resource/version; transition reason; immutable evidence ref,owner commit + outbox; consumer inbox + effect
assistance.completion-proposed,1,providers,notifications;compliance;analytics (purpose-authorized),Confidential metadata; sensitive evidence by authorized reference,resource/version; transition reason; immutable evidence ref,owner commit + outbox; consumer inbox + effect
assistance.cancelled,1,providers,notifications;compliance;analytics (purpose-authorized),Confidential metadata; sensitive evidence by authorized reference,resource/version; transition reason; immutable evidence ref,owner commit + outbox; consumer inbox + effect
